{"cameraMode":{"drawMode":0,"name":"Shaded","section":"Shading Mode"},"sceneLighting":false,"audioPlay":false,"sceneViewState":{"showFog":false,"showMaterialUpdate":false,"showSkybox":false,"showFlares":false,"showImageEffects":false,"showParticleSystems":false},"in2DMode":false,"pivot":{"x":-0.1295316219329834,"y":0.4189862012863159,"z":0.7257044315338135},"rotation":{"x":0.18898431956768037,"y":0.6504845023155212,"z":-0.17186638712882996,"w":0.715273916721344},"size":2.8435115814208986,"orthographic":false}