{"cameraMode":{"drawMode":0,"name":"Shaded","section":"Shading Mode"},"sceneLighting":false,"audioPlay":false,"sceneViewState":{"showFog":false,"showMaterialUpdate":false,"showSkybox":false,"showFlares":false,"showImageEffects":false,"showParticleSystems":false},"in2DMode":false,"pivot":{"x":-0.9459594488143921,"y":-0.1270906925201416,"z":-0.3451206088066101},"rotation":{"x":-0.19999036192893983,"y":0.7685775756835938,"z":-0.28693658113479617,"w":-0.5356863737106323},"size":3.9295265674591066,"orthographic":false}