{"cameraMode":{"drawMode":0,"name":"Shaded","section":"Shading Mode"},"sceneLighting":false,"audioPlay":false,"sceneViewState":{"showFog":true,"showMaterialUpdate":true,"showSkybox":true,"showFlares":true,"showImageEffects":true,"showParticleSystems":true},"in2DMode":false,"pivot":{"x":1.106597900390625,"y":0.2754768133163452,"z":-0.9296829700469971},"rotation":{"x":-0.021069448441267015,"y":0.9759590029716492,"z":-0.18699774146080018,"w":-0.10996353626251221},"size":3.4414780139923097,"orthographic":false}