{"cameraMode":{"drawMode":0,"name":"Shaded","section":"Shading Mode"},"sceneLighting":true,"audioPlay":false,"sceneViewState":{"showFog":false,"showMaterialUpdate":false,"showSkybox":false,"showFlares":false,"showImageEffects":false,"showParticleSystems":false},"in2DMode":false,"pivot":{"x":16.718631744384767,"y":2.8165435791015627,"z":-2.714155912399292},"rotation":{"x":0.2908459007740021,"y":0.4813595116138458,"z":-0.17315606772899629,"w":0.80852872133255},"size":4.186978340148926,"orthographic":false}